{
  "runtimeOptions": {
    "tfm": "net10.0",
    "includedFrameworks": [
      {
        "name": "Microsoft.NETCore.App",
        "version": "10.0.3"
      }
    ],
    "configProperties": {
      "Switch.System.Windows.Media.EnableHardwareAccelerationInRdp": true,
      "Windows.ApplicationModel.DataTransfer.DragDrop.ExternalSupport": true,
      "Uno.UI.EnableDynamicDataTemplateUpdate": false,
      "System.Reflection.Metadata.MetadataUpdater.IsSupported": false,
      "System.Runtime.Serialization.EnableUnsafeBinaryFormatterSerialization": false,
      "UseSharedWpfFramework": false
    }
  }
}